,bus_id,station_id,voltage,dc,symbol,under_construction,tag_substation,tag_area,lon,lat,country,geometry,substation_lv
0,0,0,115000,False,substation,False,transmission,0.0,-68.1695,-16.6916,BO,POINT (-68.1695 -16.6916),True
1,1,0,230000,False,substation,False,transmission,0.0,-68.1685,-16.6906,BO,POINT (-68.1685 -16.6906),False
2,2,1,115000,False,substation,False,transmission,0.0,-65.7506,-17.1781,BO,POINT (-65.7506 -17.1781),True
3,3,1,230000,False,substation,False,transmission,0.0,-65.7496,-17.1771,BO,POINT (-65.7496 -17.1771),False
4,4,2,230000,False,substation,False,transmission,0.0,-66.2204,-17.5733,BO,POINT (-66.2204 -17.5733),True
5,5,2,500000,False,substation,False,transmission,0.0,-66.2194,-17.5723,BO,POINT (-66.2194 -17.5723),False
6,6,3,115000,False,substation,False,transmission,0.0,-67.1092,-17.8116,BO,POINT (-67.1092 -17.8116),True
7,7,3,230000,False,substation,False,transmission,0.0,-67.1082,-17.8106,BO,POINT (-67.1082 -17.8106),False
8,8,4,69000,False,substation,False,transmission,0.0,-65.7555,-21.4269,BO,POINT (-65.7555 -21.4269),True
9,9,4,230000,False,substation,False,transmission,0.0,-65.7545,-21.4259,BO,POINT (-65.7545 -21.4259),False
10,10,5,115000,False,substation,False,transmission,0.0,-66.1168,-17.4282,BO,POINT (-66.1168 -17.4282),True
11,11,5,230000,False,substation,False,transmission,0.0,-66.1158,-17.4272,BO,POINT (-66.1158 -17.4272),False
12,12,6,115000,False,substation,False,transmission,0.0,-66.141,-20.0513,BO,POINT (-66.141 -20.0513),True
13,13,6,230000,False,substation,False,transmission,0.0,-66.14,-20.0503,BO,POINT (-66.14 -20.0503),False
14,14,7,69000,False,substation,False,transmission,0.0,-65.2187,-19.0013,BO,POINT (-65.2187 -19.0013),True
15,15,7,115000,False,substation,False,transmission,0.0,-65.2177,-19.0003,BO,POINT (-65.2177 -19.0003),False
16,16,7,230000,False,substation,False,transmission,0.0,-65.2167,-18.9993,BO,POINT (-65.2167 -18.9993),False
17,17,8,69000,False,substation,False,transmission,0.0,-65.8008,-19.6076,BO,POINT (-65.8008 -19.6076),True
18,18,8,115000,False,substation,False,transmission,0.0,-65.7998,-19.6066,BO,POINT (-65.7998 -19.6066),False
19,19,9,115000,False,substation,False,transmission,0.0,-64.7961,-14.8363,BO,POINT (-64.7961 -14.8363),True
20,20,9,230000,False,substation,False,transmission,0.0,-64.7951,-14.8353,BO,POINT (-64.7951 -14.8353),False
21,21,10,69000,False,substation,False,transmission,0.0,-65.6858,-19.5203,BO,POINT (-65.6858 -19.5203),True
22,22,10,115000,False,substation,False,transmission,0.0,-65.6848,-19.5193,BO,POINT (-65.6848 -19.5193),False
23,23,11,115000,False,substation,False,transmission,0.0,-67.156,-21.1337,BO,POINT (-67.156 -21.1337),True
24,24,11,230000,False,substation,False,transmission,0.0,-67.155,-21.1327,BO,POINT (-67.155 -21.1327),False
25,25,12,115000,False,substation,False,transmission,0.0,-67.0447,-17.9696,BO,POINT (-67.0447 -17.9696),True
26,26,12,230000,False,substation,False,transmission,0.0,-67.0437,-17.9686,BO,POINT (-67.0437 -17.9686),False
27,27,13,69000,False,substation,False,transmission,0.0,-66.2309,-20.5556,BO,POINT (-66.2309 -20.5556),True
28,28,13,115000,False,substation,False,transmission,0.0,-66.2299,-20.5546,BO,POINT (-66.2299 -20.5546),False
29,29,14,115000,False,substation,False,transmission,0.0,-68.1182,-16.4005,BO,POINT (-68.1182 -16.4005),True
30,30,14,230000,False,substation,False,transmission,0.0,-68.1172,-16.3995,BO,POINT (-68.1172 -16.3995),False
31,31,15,230000,False,substation,False,transmission,0.0,-64.5263,-17.2119,BO,POINT (-64.5263 -17.2119),True
32,32,15,500000,False,substation,False,transmission,0.0,-64.5253,-17.2109,BO,POINT (-64.5253 -17.2109),False
33,33,16,230000,False,substation,False,transmission,0.0,-63.2824,-17.5752,BO,POINT (-63.2824 -17.5752),True
34,34,17,230000,False,substation,False,transmission,0.0,-63.2179,-18.0652,BO,POINT (-63.2179 -18.0652),True
35,35,18,230000,False,substation,False,transmission,0.0,-63.893,-17.3942,BO,POINT (-63.893 -17.3942),True
36,36,19,230000,False,substation,False,transmission,0.0,-65.1612,-16.9991,BO,POINT (-65.1612 -16.9991),True
37,37,20,230000,False,substation,False,transmission,0.0,-64.5164,-17.1974,BO,POINT (-64.5164 -17.1974),True
38,38,21,230000,False,substation,False,transmission,0.0,-63.1888,-15.9453,BO,POINT (-63.1888 -15.9453),True
39,39,22,230000,False,substation,False,transmission,0.0,-65.2102,-21.1591,BO,POINT (-65.2102 -21.1591),True
40,40,23,230000,False,substation,False,transmission,0.0,-65.7732,-17.157,BO,POINT (-65.7732 -17.157),True
41,41,24,230000,False,substation,False,transmission,0.0,-67.9237,-16.5746,BO,POINT (-67.9237 -16.5746),True
42,42,25,230000,False,substation,False,transmission,0.0,-62.8545,-17.8229,BO,POINT (-62.8545 -17.8229),True
43,43,26,230000,False,substation,False,transmission,0.0,-65.4427,-17.0098,BO,POINT (-65.4427 -17.0098),True
44,44,27,230000,False,substation,False,transmission,0.0,-63.1458,-17.5337,BO,POINT (-63.1458 -17.5337),True
45,45,28,115000,False,substation,False,transmission,0.0,-64.728,-21.4868,BO,POINT (-64.728 -21.4868),True
46,46,28,230000,False,substation,False,transmission,0.0,-64.727,-21.4858,BO,POINT (-64.727 -21.4858),False
47,47,29,230000,False,substation,False,transmission,0.0,-62.6414,-17.0607,BO,POINT (-62.6414 -17.0607),True
48,48,30,230000,False,substation,False,transmission,0.0,-66.8032,-20.5642,BO,POINT (-66.8032 -20.5642),True
49,49,31,230000,False,substation,False,transmission,0.0,-63.63,-17.4267,BO,POINT (-63.63 -17.4267),True
50,50,32,115000,False,substation,False,transmission,0.0,-66.1146,-17.3805,BO,POINT (-66.1146 -17.3805),True
51,51,33,115000,False,substation,False,transmission,0.0,-67.5606,-15.8445,BO,POINT (-67.5606 -15.8445),True
52,52,34,115000,False,substation,False,transmission,0.0,-67.0365,-17.7139,BO,POINT (-67.0365 -17.7139),True
53,53,35,115000,False,substation,False,transmission,0.0,-66.5758,-18.4107,BO,POINT (-66.5758 -18.4107),True
54,54,36,115000,False,substation,False,transmission,0.0,-66.8183,-18.2781,BO,POINT (-66.8183 -18.2781),True
55,55,37,115000,False,substation,False,transmission,0.0,-67.835,-16.286,BO,POINT (-67.835 -16.286),True
56,56,38,115000,False,substation,False,transmission,0.0,-65.9485,-17.2059,BO,POINT (-65.9485 -17.2059),True
57,57,39,115000,False,substation,False,transmission,0.0,-65.7074,-19.4833,BO,POINT (-65.7074 -19.4833),True
58,58,40,115000,False,substation,False,transmission,0.0,-67.9771,-16.0415,BO,POINT (-67.9771 -16.0415),True
59,59,41,115000,False,substation,False,transmission,0.0,-68.1818,-16.566,BO,POINT (-68.1818 -16.566),True
60,60,42,115000,False,substation,False,transmission,0.0,-65.8377,-18.8788,BO,POINT (-65.8377 -18.8788),True
61,61,43,115000,False,substation,False,transmission,0.0,-65.8575,-17.5157,BO,POINT (-65.8575 -17.5157),True
62,62,44,115000,False,substation,False,transmission,0.0,-65.9808,-17.3844,BO,POINT (-65.9808 -17.3844),True
63,63,45,115000,False,substation,False,transmission,0.0,-65.823,-17.1919,BO,POINT (-65.823 -17.1919),True
64,64,46,115000,False,substation,False,transmission,0.0,-68.1882,-16.5764,BO,POINT (-68.1882 -16.5764),True
65,65,47,115000,False,substation,False,transmission,0.0,-66.2933,-17.7318,BO,POINT (-66.2933 -17.7318),True
66,66,48,115000,False,substation,False,transmission,0.0,-66.7707,-14.9053,BO,POINT (-66.7707 -14.9053),True
67,67,49,115000,False,substation,False,transmission,0.0,-65.6304,-15.0007,BO,POINT (-65.6304 -15.0007),True
68,68,50,115000,False,substation,False,transmission,0.0,-67.0223,-15.143,BO,POINT (-67.0223 -15.143),True
69,69,51,69000,False,substation,False,transmission,0.0,-65.2684,-19.0446,BO,POINT (-65.2684 -19.0446),True
70,70,52,69000,False,substation,False,transmission,0.0,-65.5901,-19.5255,BO,POINT (-65.5901 -19.5255),True
71,71,53,69000,False,substation,False,transmission,0.0,-65.722,-19.5519,BO,POINT (-65.722 -19.5519),True
72,72,54,69000,False,substation,False,transmission,0.0,-66.2242,-20.9441,BO,POINT (-66.2242 -20.9441),True
73,73,55,69000,False,substation,False,transmission,0.0,-66.174,-21.1622,BO,POINT (-66.174 -21.1622),True
74,74,56,69000,False,substation,False,transmission,0.0,-65.7263,-21.4376,BO,POINT (-65.7263 -21.4376),True
75,75,57,115000,False,substation,False,transmission,0.0,-64.6109,-21.7177,BO,POINT (-64.6109 -21.7177),True
76,76,58,115000,False,substation,False,transmission,0.0,-64.3059,-19.3209,BO,POINT (-64.3059 -19.3209),True
77,77,59,115000,False,substation,False,transmission,0.0,-63.9417,-19.791,BO,POINT (-63.9417 -19.791),True
78,78,60,230000,False,substation,False,transmission,0.0,-63.1527,-17.7868,BO,POINT (-63.1527 -17.7868),True
79,79,61,230000,False,substation,False,transmission,0.0,-63.1452,-18.3834,BO,POINT (-63.1452 -18.3834),True
80,80,62,230000,False,substation,False,transmission,0.0,-63.2366,-17.7426,BO,POINT (-63.2366 -17.7426),True
81,81,63,230000,False,substation,False,transmission,0.0,-63.5614,-21.6932,BO,POINT (-63.5614 -21.6932),True
82,82,64,230000,False,substation,False,transmission,0.0,-66.7667,-20.5709,BO,POINT (-66.7667 -20.5709),True
83,83,65,115000,False,substation,False,transmission,0.0,-67.2762,-17.3964,BO,POINT (-67.2762 -17.3964),True
84,84,66,115000,False,substation,False,transmission,0.0,-66.3898,-18.0683,BO,POINT (-66.3898 -18.0683),True
85,85,67,115000,False,substation,False,transmission,0.0,-65.2858,-17.6279,BO,POINT (-65.2858 -17.6279),True
86,86,68,115000,False,substation,False,transmission,0.0,-67.4372,-17.4623,BO,POINT (-67.4372 -17.4623),True
87,87,69,115000,False,substation,False,transmission,0.0,-64.8929,-14.8535,BO,POINT (-64.8929 -14.8535),True
88,88,70,115000,False,substation,False,transmission,0.0,-67.2739,-20.7301,BO,POINT (-67.2739 -20.7301),True
89,89,71,115000,False,substation,False,transmission,0.0,-66.8363,-18.2819,BO,POINT (-66.8363 -18.2819),True
90,90,72,115000,False,substation,False,transmission,0.0,-67.5867,-14.4585,BO,POINT (-67.5867 -14.4585),True
91,91,73,69000,False,substation,False,transmission,0.0,-65.4739,-19.3463,BO,POINT (-65.4739 -19.3463),True
92,92,74,69000,False,substation,False,transmission,0.0,-66.1015,-21.4089,BO,POINT (-66.1015 -21.4089),True
93,93,75,69000,False,substation,False,transmission,0.0,-65.5978,-22.0711,BO,POINT (-65.5978 -22.0711),True
94,94,76,115000,False,substation,False,transmission,0.0,-67.764,-16.4008,BO,POINT (-67.764 -16.4008),True
95,95,77,115000,False,substation,False,transmission,0.0,-67.8801,-15.504,BO,POINT (-67.8801 -15.504),True
96,96,78,115000,False,substation,False,transmission,0.0,-64.3097,-22.7078,BO,POINT (-64.3097 -22.7078),True
97,97,79,230000,False,substation,False,transmission,0.0,-63.5417,-17.3896,BO,POINT (-63.5417 -17.3896),True
98,98,80,230000,False,substation,False,transmission,0.0,-68.3598,-16.6461,BO,POINT (-68.3598 -16.6461),True
99,99,81,115000,False,substation,False,transmission,0.0,-63.5197,-19.9787,BO,POINT (-63.5197 -19.9787),True
100,100,82,230000,False,substation,False,transmission,0.0,-67.2107,-21.127,BO,POINT (-67.2107 -21.127),True
