,line_id,tag_type,country,length,voltage,circuits,tag_frequency,bus0,bus1,underground,under_construction,dc,geometry,bounds,bus_0_coors,bus_1_coors,bus0_lon,bus0_lat,bus1_lon,bus1_lat
0,-753810532_0,line,BO,193262.23130039644,500000,3.0,50.0,32,5,False,False,False,"LINESTRING (-64.5253 -17.2109, -64.526253 -17.211946, -66.220564 -17.573273, -66.2194 -17.5723)","MULTIPOINT ((-64.5253 -17.2109), (-66.2194 -17.5723))",POINT (-64.5253 -17.2109),POINT (-66.2194 -17.5723),-64.5253,-17.2109,-66.2194,-17.5723
1,1689922187_0,line,BO,28626.154702561045,230000,3.0,50.0,33,78,False,False,False,"LINESTRING (-63.2824 -17.5752, -63.282402 -17.575242, -63.152658 -17.786777, -63.1527 -17.7868)","MULTIPOINT ((-63.2824 -17.5752), (-63.1527 -17.7868))",POINT (-63.2824 -17.5752),POINT (-63.1527 -17.7868),-63.2824,-17.5752,-63.1527,-17.7868
2,2035876983_0,line,BO,93231.8351441821,230000,3.0,50.0,33,47,False,False,False,"LINESTRING (-63.2824 -17.5752, -63.282402 -17.575242, -62.64138 -17.060676, -62.6414 -17.0607)","MULTIPOINT ((-63.2824 -17.5752), (-62.6414 -17.0607))",POINT (-63.2824 -17.5752),POINT (-62.6414 -17.0607),-63.2824,-17.5752,-62.6414,-17.0607
3,1117936324_0,line,BO,93231.8351441821,230000,3.0,50.0,33,47,False,False,False,"LINESTRING (-63.2824 -17.5752, -63.282402 -17.575242, -62.64138 -17.060676, -62.6414 -17.0607)","MULTIPOINT ((-63.2824 -17.5752), (-62.6414 -17.0607))",POINT (-63.2824 -17.5752),POINT (-62.6414 -17.0607),-63.2824,-17.5752,-62.6414,-17.0607
4,1635802992_0,line,BO,38167.415909677235,230000,6.0,50.0,34,79,False,False,False,"LINESTRING (-63.2179 -18.0652, -63.217863 -18.065164, -63.145217 -18.383435, -63.1452 -18.3834)","MULTIPOINT ((-63.2179 -18.0652), (-63.1452 -18.3834))",POINT (-63.2179 -18.0652),POINT (-63.1452 -18.3834),-63.2179,-18.0652,-63.1452,-18.3834
5,1608386132_0,line,BO,73626.21189615826,230000,3.0,50.0,31,35,False,False,False,"LINESTRING (-64.5263 -17.2119, -64.526253 -17.211946, -63.893004 -17.394199, -63.893 -17.3942)","MULTIPOINT ((-64.5263 -17.2119), (-63.893 -17.3942))",POINT (-64.5263 -17.2119),POINT (-63.893 -17.3942),-64.5263,-17.2119,-63.893,-17.3942
6,-12578261_0,line,BO,71180.41723277779,230000,3.0,50.0,35,33,False,False,False,"LINESTRING (-63.893 -17.3942, -63.893004 -17.394199, -63.282402 -17.575242, -63.2824 -17.5752)","MULTIPOINT ((-63.893 -17.3942), (-63.2824 -17.5752))",POINT (-63.893 -17.3942),POINT (-63.2824 -17.5752),-63.893,-17.3942,-63.2824,-17.5752
7,-382422293_0,line,BO,74906.0110559172,230000,3.0,50.0,31,36,False,False,False,"LINESTRING (-64.5263 -17.2119, -64.526253 -17.211946, -65.161215 -16.999072, -65.1612 -16.9991)","MULTIPOINT ((-64.5263 -17.2119), (-65.1612 -16.9991))",POINT (-64.5263 -17.2119),POINT (-65.1612 -16.9991),-64.5263,-17.2119,-65.1612,-16.9991
8,-1578860216_0,line,BO,193262.23130039644,230000,3.0,50.0,31,4,False,False,False,"LINESTRING (-64.5263 -17.2119, -64.526253 -17.211946, -66.220564 -17.573273, -66.2204 -17.5733)","MULTIPOINT ((-64.5263 -17.2119), (-66.2204 -17.5733))",POINT (-64.5263 -17.2119),POINT (-66.2204 -17.5733),-64.5263,-17.2119,-66.2204,-17.5733
9,-1452859278_0,line,BO,31354.986337187565,230000,3.0,50.0,36,43,False,False,False,"LINESTRING (-65.1612 -16.9991, -65.161215 -16.999072, -65.442655 -17.009875, -65.4427 -17.0098)","MULTIPOINT ((-65.1612 -16.9991), (-65.4427 -17.0098))",POINT (-65.1612 -16.9991),POINT (-65.4427 -17.0098),-65.1612,-16.9991,-65.4427,-17.0098
10,1089459438_0,line,BO,2016.2690661545776,230000,3.0,50.0,37,31,False,False,False,"LINESTRING (-64.5164 -17.1974, -64.516392 -17.197433, -64.526253 -17.211946, -64.5263 -17.2119)","MULTIPOINT ((-64.5164 -17.1974), (-64.5263 -17.2119))",POINT (-64.5164 -17.1974),POINT (-64.5263 -17.2119),-64.5164,-17.1974,-64.5263,-17.2119
11,-1025814263_0,line,BO,2016.2690661545776,230000,3.0,50.0,37,31,False,False,False,"LINESTRING (-64.5164 -17.1974, -64.516392 -17.197433, -64.526253 -17.211946, -64.5263 -17.2119)","MULTIPOINT ((-64.5164 -17.1974), (-64.5263 -17.2119))",POINT (-64.5164 -17.1974),POINT (-64.5263 -17.2119),-64.5164,-17.1974,-64.5263,-17.2119
12,-2037512606_0,line,BO,220022.27271108434,230000,3.0,50.0,38,20,False,False,False,"LINESTRING (-63.1888 -15.9453, -63.18877 -15.945274, -64.796088 -14.836302, -64.7951 -14.8353)","MULTIPOINT ((-63.1888 -15.9453), (-64.7951 -14.8353))",POINT (-63.1888 -15.9453),POINT (-64.7951 -14.8353),-63.1888,-15.9453,-64.7951,-14.8353
13,-1234324271_0,line,BO,220022.27271108434,230000,3.0,50.0,38,20,False,False,False,"LINESTRING (-63.1888 -15.9453, -63.18877 -15.945274, -64.796088 -14.836302, -64.7951 -14.8353)","MULTIPOINT ((-63.1888 -15.9453), (-64.7951 -14.8353))",POINT (-63.1888 -15.9453),POINT (-64.7951 -14.8353),-63.1888,-15.9453,-64.7951,-14.8353
14,-1464549976_0,line,BO,66453.8157437269,230000,3.0,50.0,39,46,False,False,False,"LINESTRING (-65.2102 -21.1591, -65.210247 -21.159084, -64.727985 -21.486837, -64.727 -21.4858)","MULTIPOINT ((-65.2102 -21.1591), (-64.727 -21.4858))",POINT (-65.2102 -21.1591),POINT (-64.727 -21.4858),-65.2102,-21.1591,-64.727,-21.4858
15,1384506802_0,line,BO,68613.90111294517,230000,3.0,50.0,39,9,False,False,False,"LINESTRING (-65.2102 -21.1591, -65.210247 -21.159084, -65.755479 -21.42692, -65.7545 -21.4259)","MULTIPOINT ((-65.2102 -21.1591), (-65.7545 -21.4259))",POINT (-65.2102 -21.1591),POINT (-65.7545 -21.4259),-65.2102,-21.1591,-65.7545,-21.4259
16,1342391373_0,line,BO,194647.7187486912,230000,3.0,50.0,1,26,False,False,False,"LINESTRING (-68.1685 -16.6906, -68.169479 -16.691566, -67.044731 -17.96955, -67.0437 -17.9686)","MULTIPOINT ((-68.1685 -16.6906), (-67.0437 -17.9686))",POINT (-68.1685 -16.6906),POINT (-67.0437 -17.9686),-68.1685,-16.6906,-67.0437,-17.9686
17,837974539_0,line,BO,69557.32056861672,230000,3.0,50.0,40,4,False,False,False,"LINESTRING (-65.7732 -17.157, -65.773168 -17.156959, -66.220564 -17.573273, -66.2204 -17.5733)","MULTIPOINT ((-65.7732 -17.157), (-66.2204 -17.5733))",POINT (-65.7732 -17.157),POINT (-66.2204 -17.5733),-65.7732,-17.157,-66.2204,-17.5733
18,-1389783646_0,line,BO,69557.32056861672,230000,3.0,50.0,40,4,False,False,False,"LINESTRING (-65.7732 -17.157, -65.773168 -17.156959, -66.220564 -17.573273, -66.2204 -17.5733)","MULTIPOINT ((-65.7732 -17.157), (-66.2204 -17.5733))",POINT (-65.7732 -17.157),POINT (-66.2204 -17.5733),-65.7732,-17.157,-66.2204,-17.5733
19,-657715146_0,line,BO,30545.694856868664,230000,6.0,50.0,41,1,False,False,False,"LINESTRING (-67.9237 -16.5746, -67.923726 -16.574612, -68.169479 -16.691566, -68.1685 -16.6906)","MULTIPOINT ((-67.9237 -16.5746), (-68.1685 -16.6906))",POINT (-67.9237 -16.5746),POINT (-68.1685 -16.6906),-67.9237,-16.5746,-68.1685,-16.6906
20,-1516111715_0,line,BO,50175.09173675109,230000,3.0,50.0,3,11,False,False,False,"LINESTRING (-65.7496 -17.1771, -65.750613 -17.178102, -66.11722 -17.428451, -66.1158 -17.4272)","MULTIPOINT ((-65.7496 -17.1771), (-66.1158 -17.4272))",POINT (-65.7496 -17.1771),POINT (-66.1158 -17.4272),-65.7496,-17.1771,-66.1158,-17.4272
21,1995198495_0,line,BO,3517.4456114325635,230000,3.0,50.0,3,40,False,False,False,"LINESTRING (-65.7496 -17.1771, -65.750613 -17.178102, -65.773168 -17.156959, -65.7732 -17.157)","MULTIPOINT ((-65.7496 -17.1771), (-65.7732 -17.157))",POINT (-65.7496 -17.1771),POINT (-65.7732 -17.157),-65.7496,-17.1771,-65.7732,-17.157
22,-1282014296_0,line,BO,49399.412341111405,230000,3.0,50.0,42,34,False,False,False,"LINESTRING (-62.8545 -17.8229, -62.85447 -17.822856, -63.217863 -18.065164, -63.2179 -18.0652)","MULTIPOINT ((-62.8545 -17.8229), (-63.2179 -18.0652))",POINT (-62.8545 -17.8229),POINT (-63.2179 -18.0652),-62.8545,-17.8229,-63.2179,-18.0652
23,1725610665_0,line,BO,49399.412341111405,230000,3.0,50.0,42,34,False,False,False,"LINESTRING (-62.8545 -17.8229, -62.85447 -17.822856, -63.217863 -18.065164, -63.2179 -18.0652)","MULTIPOINT ((-62.8545 -17.8229), (-63.2179 -18.0652))",POINT (-62.8545 -17.8229),POINT (-63.2179 -18.0652),-62.8545,-17.8229,-63.2179,-18.0652
24,2000149022_0,line,BO,102762.30921910678,230000,3.0,50.0,4,7,False,False,False,"LINESTRING (-66.2204 -17.5733, -66.220564 -17.573273, -67.109151 -17.811603, -67.1082 -17.8106)","MULTIPOINT ((-66.2204 -17.5733), (-67.1082 -17.8106))",POINT (-66.2204 -17.5733),POINT (-67.1082 -17.8106),-66.2204,-17.5733,-67.1082,-17.8106
25,483659582_0,line,BO,19818.89225872921,230000,3.0,50.0,7,26,False,False,False,"LINESTRING (-67.1082 -17.8106, -67.109151 -17.811603, -67.044731 -17.96955, -67.0437 -17.9686)","MULTIPOINT ((-67.1082 -17.8106), (-67.0437 -17.9686))",POINT (-67.1082 -17.8106),POINT (-67.0437 -17.9686),-67.1082,-17.8106,-67.0437,-17.9686
26,-646530031_0,line,BO,159795.6465896894,230000,3.0,50.0,9,24,False,False,False,"LINESTRING (-65.7545 -21.4259, -65.755479 -21.42692, -67.156044 -21.133749, -67.155 -21.1327)","MULTIPOINT ((-65.7545 -21.4259), (-67.155 -21.1327))",POINT (-65.7545 -21.4259),POINT (-67.155 -21.1327),-65.7545,-21.4259,-67.155,-21.1327
27,1907994245_0,line,BO,20447.261558914553,230000,3.0,50.0,11,4,False,False,False,"LINESTRING (-66.1158 -17.4272, -66.11722 -17.428451, -66.220564 -17.573273, -66.2204 -17.5733)","MULTIPOINT ((-66.1158 -17.4272), (-66.2204 -17.5733))",POINT (-66.1158 -17.4272),POINT (-66.2204 -17.5733),-66.1158,-17.4272,-66.2204,-17.5733
28,-1382799058_0,line,BO,39485.895806167784,230000,3.0,50.0,43,3,False,False,False,"LINESTRING (-65.4427 -17.0098, -65.442684 -17.009819, -65.750613 -17.178102, -65.7496 -17.1771)","MULTIPOINT ((-65.4427 -17.0098), (-65.7496 -17.1771))",POINT (-65.4427 -17.0098),POINT (-65.7496 -17.1771),-65.4427,-17.0098,-65.7496,-17.1771
29,-1359706950_0,line,BO,15957.912288760252,230000,3.0,50.0,44,33,False,False,False,"LINESTRING (-63.1458 -17.5337, -63.145837 -17.533684, -63.282402 -17.575242, -63.2824 -17.5752)","MULTIPOINT ((-63.1458 -17.5337), (-63.2824 -17.5752))",POINT (-63.1458 -17.5337),POINT (-63.2824 -17.5752),-63.1458,-17.5337,-63.2824,-17.5752
30,1487666159_0,line,BO,15957.912288760252,230000,3.0,50.0,44,33,False,False,False,"LINESTRING (-63.1458 -17.5337, -63.145837 -17.533684, -63.282402 -17.575242, -63.2824 -17.5752)","MULTIPOINT ((-63.1458 -17.5337), (-63.2824 -17.5752))",POINT (-63.1458 -17.5337),POINT (-63.2824 -17.5752),-63.1458,-17.5337,-63.2824,-17.5752
31,531108144_0,line,BO,46834.94644293406,230000,3.0,50.0,44,42,False,False,False,"LINESTRING (-63.1458 -17.5337, -63.145837 -17.533684, -62.85447 -17.822856, -62.8545 -17.8229)","MULTIPOINT ((-63.1458 -17.5337), (-62.8545 -17.8229))",POINT (-63.1458 -17.5337),POINT (-62.8545 -17.8229),-63.1458,-17.5337,-62.8545,-17.8229
32,1680295840_0,line,BO,46834.94644293406,230000,3.0,50.0,44,42,False,False,False,"LINESTRING (-63.1458 -17.5337, -63.145837 -17.533684, -62.85447 -17.822856, -62.8545 -17.8229)","MULTIPOINT ((-63.1458 -17.5337), (-62.8545 -17.8229))",POINT (-63.1458 -17.5337),POINT (-62.8545 -17.8229),-63.1458,-17.5337,-62.8545,-17.8229
33,-818481380_0,line,BO,26413.257879951998,230000,3.0,50.0,44,80,False,False,False,"LINESTRING (-63.1458 -17.5337, -63.145837 -17.533684, -63.236644 -17.742589, -63.2366 -17.7426)","MULTIPOINT ((-63.1458 -17.5337), (-63.2366 -17.7426))",POINT (-63.1458 -17.5337),POINT (-63.2366 -17.7426),-63.1458,-17.5337,-63.2366,-17.7426
34,-1617796573_0,line,BO,66453.8157437269,230000,3.0,50.0,39,46,False,False,False,"LINESTRING (-65.2102 -21.1591, -65.210247 -21.159084, -64.727985 -21.486837, -64.727 -21.4858)","MULTIPOINT ((-65.2102 -21.1591), (-64.727 -21.4858))",POINT (-65.2102 -21.1591),POINT (-64.727 -21.4858),-65.2102,-21.1591,-64.727,-21.4858
35,2099635059_0,line,BO,29617.054027704613,230000,3.0,50.0,41,30,False,False,False,"LINESTRING (-67.9237 -16.5746, -67.923726 -16.574612, -68.118223 -16.400539, -68.1172 -16.3995)","MULTIPOINT ((-67.9237 -16.5746), (-68.1172 -16.3995))",POINT (-67.9237 -16.5746),POINT (-68.1172 -16.3995),-67.9237,-16.5746,-68.1172,-16.3995
36,-1953944760_0,line,BO,167610.45625723508,230000,3.0,50.0,13,39,False,False,False,"LINESTRING (-66.14 -20.0503, -66.14098 -20.051275, -65.210247 -21.159084, -65.2102 -21.1591)","MULTIPOINT ((-66.14 -20.0503), (-65.2102 -21.1591))",POINT (-66.14 -20.0503),POINT (-65.2102 -21.1591),-66.14,-20.0503,-65.2102,-21.1591
37,1007144354_0,line,BO,222421.8425218809,230000,3.0,50.0,4,41,False,False,False,"LINESTRING (-66.2204 -17.5733, -66.220564 -17.573273, -67.923726 -16.574612, -67.9237 -16.5746)","MULTIPOINT ((-66.2204 -17.5733), (-67.9237 -16.5746))",POINT (-66.2204 -17.5733),POINT (-67.9237 -16.5746),-66.2204,-17.5733,-67.9237,-16.5746
38,2009226556_0,line,BO,222421.8425218809,230000,3.0,50.0,4,41,False,False,False,"LINESTRING (-66.2204 -17.5733, -66.220564 -17.573273, -67.923726 -16.574612, -67.9237 -16.5746)","MULTIPOINT ((-66.2204 -17.5733), (-67.9237 -16.5746))",POINT (-66.2204 -17.5733),POINT (-67.9237 -16.5746),-66.2204,-17.5733,-67.9237,-16.5746
39,-1581250990_0,line,BO,132192.48118182595,230000,3.0,50.0,46,81,False,False,False,"LINESTRING (-64.727 -21.4858, -64.727985 -21.486837, -63.561404 -21.693206, -63.5614 -21.6932)","MULTIPOINT ((-64.727 -21.4858), (-63.5614 -21.6932))",POINT (-64.727 -21.4858),POINT (-63.5614 -21.6932),-64.727,-21.4858,-63.5614,-21.6932
40,94044364_0,line,BO,132192.48118182595,230000,3.0,50.0,46,81,False,False,False,"LINESTRING (-64.727 -21.4858, -64.727985 -21.486837, -63.561404 -21.693206, -63.5614 -21.6932)","MULTIPOINT ((-64.727 -21.4858), (-63.5614 -21.6932))",POINT (-64.727 -21.4858),POINT (-63.5614 -21.6932),-64.727,-21.4858,-63.5614,-21.6932
41,346179098_0,line,BO,143122.9100796893,230000,3.0,50.0,47,38,False,False,False,"LINESTRING (-62.6414 -17.0607, -62.64138 -17.060676, -63.18877 -15.945274, -63.1888 -15.9453)","MULTIPOINT ((-62.6414 -17.0607), (-63.1888 -15.9453))",POINT (-62.6414 -17.0607),POINT (-63.1888 -15.9453),-62.6414,-17.0607,-63.1888,-15.9453
42,1118471612_0,line,BO,143122.9100796893,230000,3.0,50.0,47,38,False,False,False,"LINESTRING (-62.6414 -17.0607, -62.64138 -17.060676, -63.18877 -15.945274, -63.1888 -15.9453)","MULTIPOINT ((-62.6414 -17.0607), (-63.1888 -15.9453))",POINT (-62.6414 -17.0607),POINT (-63.1888 -15.9453),-62.6414,-17.0607,-63.1888,-15.9453
43,-267795115_0,line,BO,4139.136158223807,230000,3.0,50.0,48,82,False,False,False,"LINESTRING (-66.8032 -20.5642, -66.803164 -20.564192, -66.766688 -20.570946, -66.7667 -20.5709)","MULTIPOINT ((-66.8032 -20.5642), (-66.7667 -20.5709))",POINT (-66.8032 -20.5642),POINT (-66.7667 -20.5709),-66.8032,-20.5642,-66.7667,-20.5709
44,-964455789_0,line,BO,57248.799811550765,230000,3.0,50.0,49,80,False,False,False,"LINESTRING (-63.63 -17.4267, -63.629968 -17.426749, -63.236644 -17.742589, -63.2366 -17.7426)","MULTIPOINT ((-63.63 -17.4267), (-63.2366 -17.7426))",POINT (-63.63 -17.4267),POINT (-63.2366 -17.7426),-63.63,-17.4267,-63.2366,-17.7426
45,-1852926576_0,line,BO,102869.92876266819,230000,3.0,50.0,31,49,False,False,False,"LINESTRING (-64.5263 -17.2119, -64.526253 -17.211946, -63.629968 -17.426749, -63.63 -17.4267)","MULTIPOINT ((-64.5263 -17.2119), (-63.63 -17.4267))",POINT (-64.5263 -17.2119),POINT (-63.63 -17.4267),-64.5263,-17.2119,-63.63,-17.4267
46,1309316397_0,line,BO,201174.71214372068,230000,3.0,50.0,4,16,False,False,False,"LINESTRING (-66.2204 -17.5733, -66.220564 -17.573273, -65.218687 -19.001312, -65.2167 -18.9993)","MULTIPOINT ((-66.2204 -17.5733), (-65.2167 -18.9993))",POINT (-66.2204 -17.5733),POINT (-65.2167 -18.9993),-66.2204,-17.5733,-65.2167,-18.9993
47,-925448157_0,line,BO,160999.60039490063,230000,3.0,50.0,16,13,False,False,False,"LINESTRING (-65.2167 -18.9993, -65.218687 -19.001312, -66.14098 -20.051275, -66.14 -20.0503)","MULTIPOINT ((-65.2167 -18.9993), (-66.14 -20.0503))",POINT (-65.2167 -18.9993),POINT (-66.14 -20.0503),-65.2167,-18.9993,-66.14,-20.0503
48,1302371731_0,line,BO,95605.4157097468,230000,3.0,50.0,13,48,False,False,False,"LINESTRING (-66.14 -20.0503, -66.14098 -20.051275, -66.803164 -20.564192, -66.8032 -20.5642)","MULTIPOINT ((-66.14 -20.0503), (-66.8032 -20.5642))",POINT (-66.14 -20.0503),POINT (-66.8032 -20.5642),-66.14,-20.0503,-66.8032,-20.5642
49,1351757781_0,line,BO,78397.22638722128,230000,3.0,50.0,48,24,False,False,False,"LINESTRING (-66.8032 -20.5642, -66.803164 -20.564192, -67.156044 -21.133749, -67.155 -21.1327)","MULTIPOINT ((-66.8032 -20.5642), (-67.155 -21.1327))",POINT (-66.8032 -20.5642),POINT (-67.155 -21.1327),-66.8032,-20.5642,-67.155,-21.1327
50,-1786957592_0,line,BO,5537.532804099709,115000,3.0,50.0,50,10,False,False,False,"LINESTRING (-66.1146 -17.3805, -66.114585 -17.380501, -66.116327 -17.427939, -66.1168 -17.4282)","MULTIPOINT ((-66.1146 -17.3805), (-66.1168 -17.4282))",POINT (-66.1146 -17.3805),POINT (-66.1168 -17.4282),-66.1146,-17.3805,-66.1168,-17.4282
51,-1704959333_0,line,BO,5537.532804099709,115000,3.0,50.0,50,10,False,False,False,"LINESTRING (-66.1146 -17.3805, -66.114585 -17.380501, -66.116327 -17.427939, -66.1168 -17.4282)","MULTIPOINT ((-66.1146 -17.3805), (-66.1168 -17.4282))",POINT (-66.1146 -17.3805),POINT (-66.1168 -17.4282),-66.1146,-17.3805,-66.1168,-17.4282
52,-444590878_0,line,BO,59573.52829531688,115000,3.0,50.0,51,55,False,False,False,"LINESTRING (-67.5606 -15.8445, -67.560632 -15.844503, -67.834986 -16.28604, -67.835 -16.286)","MULTIPOINT ((-67.5606 -15.8445), (-67.835 -16.286))",POINT (-67.5606 -15.8445),POINT (-67.835 -16.286),-67.5606,-15.8445,-67.835,-16.286
53,-885807357_0,line,BO,45674.919901624766,115000,3.0,50.0,52,83,False,False,False,"LINESTRING (-67.0365 -17.7139, -67.036498 -17.713892, -67.276237 -17.396421, -67.2762 -17.3964)","MULTIPOINT ((-67.0365 -17.7139), (-67.2762 -17.3964))",POINT (-67.0365 -17.7139),POINT (-67.2762 -17.3964),-67.0365,-17.7139,-67.2762,-17.3964
54,1686888444_0,line,BO,29911.67110935778,115000,3.0,50.0,52,25,False,False,False,"LINESTRING (-67.0365 -17.7139, -67.036498 -17.713892, -67.044731 -17.96955, -67.0447 -17.9696)","MULTIPOINT ((-67.0365 -17.7139), (-67.0447 -17.9696))",POINT (-67.0365 -17.7139),POINT (-67.0447 -17.9696),-67.0365,-17.7139,-67.0447,-17.9696
55,-1559876706_0,line,BO,98875.32064173695,115000,3.0,50.0,53,60,False,False,False,"LINESTRING (-66.5758 -18.4107, -66.575829 -18.410663, -65.837719 -18.878811, -65.8377 -18.8788)","MULTIPOINT ((-66.5758 -18.4107), (-65.8377 -18.8788))",POINT (-66.5758 -18.4107),POINT (-65.8377 -18.8788),-66.5758,-18.4107,-65.8377,-18.8788
56,-1610587687_0,line,BO,45160.4769290958,115000,3.0,50.0,53,84,False,False,False,"LINESTRING (-66.5758 -18.4107, -66.575829 -18.410663, -66.389803 -18.068259, -66.3898 -18.0683)","MULTIPOINT ((-66.5758 -18.4107), (-66.3898 -18.0683))",POINT (-66.5758 -18.4107),POINT (-66.3898 -18.0683),-66.5758,-18.4107,-66.3898,-18.0683
57,1064099230_0,line,BO,31151.694714153,115000,3.0,50.0,54,53,False,False,False,"LINESTRING (-66.8183 -18.2781, -66.818309 -18.278069, -66.575829 -18.410663, -66.5758 -18.4107)","MULTIPOINT ((-66.8183 -18.2781), (-66.5758 -18.4107))",POINT (-66.8183 -18.2781),POINT (-66.5758 -18.4107),-66.8183,-18.2781,-66.5758,-18.4107
58,1622358979_0,line,BO,34213.41800875266,115000,3.0,50.0,55,29,False,False,False,"LINESTRING (-67.835 -16.286, -67.834986 -16.28604, -68.118223 -16.400539, -68.1182 -16.4005)","MULTIPOINT ((-67.835 -16.286), (-68.1182 -16.4005))",POINT (-67.835 -16.286),POINT (-68.1182 -16.4005),-67.835,-16.286,-68.1182,-16.4005
59,95418176_0,line,BO,27499.573417247073,115000,3.0,50.0,56,50,False,False,False,"LINESTRING (-65.9485 -17.2059, -65.948465 -17.205929, -66.114585 -17.380501, -66.1146 -17.3805)","MULTIPOINT ((-65.9485 -17.2059), (-66.1146 -17.3805))",POINT (-65.9485 -17.2059),POINT (-66.1146 -17.3805),-65.9485,-17.2059,-66.1146,-17.3805
60,-1658871680_0,line,BO,14065.9127168603,115000,3.0,50.0,56,63,False,False,False,"LINESTRING (-65.9485 -17.2059, -65.948465 -17.205929, -65.822969 -17.191868, -65.823 -17.1919)","MULTIPOINT ((-65.9485 -17.2059), (-65.823 -17.1919))",POINT (-65.9485 -17.2059),POINT (-65.823 -17.1919),-65.9485,-17.2059,-65.823,-17.1919
61,-1016478854_0,line,BO,17996.349551764335,115000,3.0,50.0,57,18,False,False,False,"LINESTRING (-65.7074 -19.4833, -65.707404 -19.483256, -65.800775 -19.607625, -65.7998 -19.6066)","MULTIPOINT ((-65.7074 -19.4833), (-65.7998 -19.6066))",POINT (-65.7074 -19.4833),POINT (-65.7998 -19.6066),-65.7074,-19.4833,-65.7998,-19.6066
62,-1495835241_0,line,BO,51667.273248489684,115000,3.0,50.0,58,51,False,False,False,"LINESTRING (-67.9771 -16.0415, -67.977121 -16.041461, -67.560632 -15.844503, -67.5606 -15.8445)","MULTIPOINT ((-67.9771 -16.0415), (-67.5606 -15.8445))",POINT (-67.9771 -16.0415),POINT (-67.5606 -15.8445),-67.9771,-16.0415,-67.5606,-15.8445
63,-2011192660_0,line,BO,1400.9578177742635,115000,3.0,50.0,59,64,False,False,False,"LINESTRING (-68.1818 -16.566, -68.18184 -16.565951, -68.188169 -16.576377, -68.1882 -16.5764)","MULTIPOINT ((-68.1818 -16.566), (-68.1882 -16.5764))",POINT (-68.1818 -16.566),POINT (-68.1882 -16.5764),-68.1818,-16.566,-68.1882,-16.5764
64,-1705350592_0,line,BO,1400.9578177742635,115000,3.0,50.0,59,64,False,False,False,"LINESTRING (-68.1818 -16.566, -68.18184 -16.565951, -68.188169 -16.576377, -68.1882 -16.5764)","MULTIPOINT ((-68.1818 -16.566), (-68.1882 -16.5764))",POINT (-68.1818 -16.566),POINT (-68.1882 -16.5764),-68.1818,-16.566,-68.1882,-16.5764
65,1631160969_0,line,BO,86031.49032888412,115000,3.0,50.0,60,18,False,False,False,"LINESTRING (-65.8377 -18.8788, -65.837719 -18.878811, -65.800775 -19.607625, -65.7998 -19.6066)","MULTIPOINT ((-65.8377 -18.8788), (-65.7998 -19.6066))",POINT (-65.8377 -18.8788),POINT (-65.7998 -19.6066),-65.8377,-18.8788,-65.7998,-19.6066
66,-393847358_0,line,BO,64734.00537398769,115000,3.0,50.0,18,12,False,False,False,"LINESTRING (-65.7998 -19.6066, -65.800775 -19.607625, -66.14098 -20.051275, -66.141 -20.0513)","MULTIPOINT ((-65.7998 -19.6066), (-66.141 -20.0513))",POINT (-65.7998 -19.6066),POINT (-66.141 -20.0513),-65.7998,-19.6066,-66.141,-20.0513
67,-885192936_0,line,BO,64980.67025099891,115000,3.0,50.0,61,85,False,False,False,"LINESTRING (-65.8575 -17.5157, -65.85752 -17.515665, -65.285781 -17.627887, -65.2858 -17.6279)","MULTIPOINT ((-65.8575 -17.5157), (-65.2858 -17.6279))",POINT (-65.8575 -17.5157),POINT (-65.2858 -17.6279),-65.8575,-17.5157,-65.2858,-17.6279
68,2048231543_0,line,BO,54756.181642272546,115000,3.0,50.0,6,86,False,False,False,"LINESTRING (-67.1092 -17.8116, -67.109151 -17.811603, -67.437159 -17.462282, -67.4372 -17.4623)","MULTIPOINT ((-67.1092 -17.8116), (-67.4372 -17.4623))",POINT (-67.1092 -17.8116),POINT (-67.4372 -17.4623),-67.1092,-17.8116,-67.4372,-17.4623
69,321953905_0,line,BO,54756.181642272546,115000,3.0,50.0,6,86,False,False,False,"LINESTRING (-67.1092 -17.8116, -67.109151 -17.811603, -67.437159 -17.462282, -67.4372 -17.4623)","MULTIPOINT ((-67.1092 -17.8116), (-67.4372 -17.4623))",POINT (-67.1092 -17.8116),POINT (-67.4372 -17.4623),-67.1092,-17.8116,-67.4372,-17.4623
70,-546895751_0,line,BO,10960.635783682445,115000,3.0,50.0,19,87,False,False,False,"LINESTRING (-64.7961 -14.8363, -64.796088 -14.836302, -64.892929 -14.853496, -64.8929 -14.8535)","MULTIPOINT ((-64.7961 -14.8363), (-64.8929 -14.8535))",POINT (-64.7961 -14.8363),POINT (-64.8929 -14.8535),-64.7961,-14.8363,-64.8929,-14.8535
71,733428179_0,line,BO,10960.635783682445,115000,3.0,50.0,19,87,False,False,False,"LINESTRING (-64.7961 -14.8363, -64.796088 -14.836302, -64.892929 -14.853496, -64.8929 -14.8535)","MULTIPOINT ((-64.7961 -14.8363), (-64.8929 -14.8535))",POINT (-64.7961 -14.8363),POINT (-64.8929 -14.8535),-64.7961,-14.8363,-64.8929,-14.8535
72,-2004087020_0,line,BO,4989.518190677686,115000,3.0,50.0,22,57,False,False,False,"LINESTRING (-65.6848 -19.5193, -65.685776 -19.520262, -65.707404 -19.483256, -65.7074 -19.4833)","MULTIPOINT ((-65.6848 -19.5193), (-65.7074 -19.4833))",POINT (-65.6848 -19.5193),POINT (-65.7074 -19.4833),-65.6848,-19.5193,-65.7074,-19.4833
73,-1964503845_0,line,BO,49863.641707324015,115000,3.0,50.0,23,88,False,False,False,"LINESTRING (-67.156 -21.1337, -67.156044 -21.133749, -67.273941 -20.73013, -67.2739 -20.7301)","MULTIPOINT ((-67.156 -21.1337), (-67.2739 -20.7301))",POINT (-67.156 -21.1337),POINT (-67.2739 -20.7301),-67.156,-21.1337,-67.2739,-20.7301
74,-413285834_0,line,BO,60688.906361434725,115000,3.0,50.0,12,28,False,False,False,"LINESTRING (-66.141 -20.0513, -66.14098 -20.051275, -66.230868 -20.55558, -66.2299 -20.5546)","MULTIPOINT ((-66.141 -20.0513), (-66.2299 -20.5546))",POINT (-66.141 -20.0513),POINT (-66.2299 -20.5546),-66.141,-20.0513,-66.2299,-20.5546
75,1594273463_0,line,BO,14904.437370181131,115000,3.0,50.0,62,50,False,False,False,"LINESTRING (-65.9808 -17.3844, -65.980758 -17.384384, -66.114585 -17.380501, -66.1146 -17.3805)","MULTIPOINT ((-65.9808 -17.3844), (-66.1146 -17.3805))",POINT (-65.9808 -17.3844),POINT (-66.1146 -17.3805),-65.9808,-17.3844,-66.1146,-17.3805
76,1208445144_0,line,BO,20564.079142768092,115000,3.0,50.0,62,61,False,False,False,"LINESTRING (-65.9808 -17.3844, -65.980758 -17.384384, -65.85752 -17.515665, -65.8575 -17.5157)","MULTIPOINT ((-65.9808 -17.3844), (-65.8575 -17.5157))",POINT (-65.9808 -17.3844),POINT (-65.8575 -17.5157),-65.9808,-17.3844,-65.8575,-17.5157
77,1872975398_0,line,BO,28500.839059261987,115000,3.0,50.0,63,62,False,False,False,"LINESTRING (-65.823 -17.1919, -65.822969 -17.191868, -65.980758 -17.384384, -65.9808 -17.3844)","MULTIPOINT ((-65.823 -17.1919), (-65.9808 -17.3844))",POINT (-65.823 -17.1919),POINT (-65.9808 -17.3844),-65.823,-17.1919,-65.9808,-17.3844
78,-1083446465_0,line,BO,8212.79745621615,115000,3.0,50.0,63,2,False,False,False,"LINESTRING (-65.823 -17.1919, -65.822969 -17.191868, -65.750613 -17.178102, -65.7506 -17.1781)","MULTIPOINT ((-65.823 -17.1919), (-65.7506 -17.1781))",POINT (-65.823 -17.1919),POINT (-65.7506 -17.1781),-65.823,-17.1919,-65.7506,-17.1781
79,976170643_0,line,BO,13543.575562327589,115000,3.0,50.0,64,0,False,False,False,"LINESTRING (-68.1882 -16.5764, -68.188169 -16.576377, -68.169479 -16.691566, -68.1695 -16.6916)","MULTIPOINT ((-68.1882 -16.5764), (-68.1695 -16.6916))",POINT (-68.1882 -16.5764),POINT (-68.1695 -16.6916),-68.1882,-16.5764,-68.1695,-16.6916
80,-929792848_0,line,BO,80301.88831945942,115000,3.0,50.0,15,22,False,False,False,"LINESTRING (-65.2177 -19.0003, -65.218687 -19.001312, -65.685776 -19.520262, -65.6848 -19.5193)","MULTIPOINT ((-65.2177 -19.0003), (-65.6848 -19.5193))",POINT (-65.2177 -19.0003),POINT (-65.6848 -19.5193),-65.2177,-19.0003,-65.6848,-19.5193
81,1286796265_0,line,BO,40800.44255483097,115000,3.0,50.0,65,84,False,False,False,"LINESTRING (-66.2933 -17.7318, -66.293289 -17.731794, -66.389803 -18.068259, -66.3898 -18.0683)","MULTIPOINT ((-66.2933 -17.7318), (-66.3898 -18.0683))",POINT (-66.2933 -17.7318),POINT (-66.3898 -18.0683),-66.2933,-17.7318,-66.3898,-18.0683
82,1333044421_0,line,BO,40583.8250632801,115000,3.0,50.0,10,65,False,False,False,"LINESTRING (-66.1168 -17.4282, -66.116327 -17.427939, -66.293289 -17.731794, -66.2933 -17.7318)","MULTIPOINT ((-66.1168 -17.4282), (-66.2933 -17.7318))",POINT (-66.1168 -17.4282),POINT (-66.2933 -17.7318),-66.1168,-17.4282,-66.2933,-17.7318
83,1244424213_0,line,BO,107737.67490088362,115000,3.0,50.0,10,52,False,False,False,"LINESTRING (-66.1168 -17.4282, -66.116327 -17.427939, -67.036498 -17.713892, -67.0365 -17.7139)","MULTIPOINT ((-66.1168 -17.4282), (-67.0365 -17.7139))",POINT (-66.1168 -17.4282),POINT (-67.0365 -17.7139),-66.1168,-17.4282,-67.0365,-17.7139
84,-251780797_0,line,BO,44058.96390080865,115000,3.0,50.0,25,54,False,False,False,"LINESTRING (-67.0447 -17.9696, -67.044731 -17.96955, -66.818309 -18.278069, -66.8183 -18.2781)","MULTIPOINT ((-67.0447 -17.9696), (-66.8183 -18.2781))",POINT (-67.0447 -17.9696),POINT (-66.8183 -18.2781),-67.0447,-17.9696,-66.8183,-18.2781
85,-694231642_0,line,BO,100784.52888585863,115000,3.0,50.0,51,68,False,False,False,"LINESTRING (-67.5606 -15.8445, -67.560632 -15.844503, -67.022302 -15.143031, -67.0223 -15.143)","MULTIPOINT ((-67.5606 -15.8445), (-67.0223 -15.143))",POINT (-67.5606 -15.8445),POINT (-67.0223 -15.143),-67.5606,-15.8445,-67.0223,-15.143
86,1342245003_0,line,BO,2056.0531919680802,115000,3.0,50.0,54,89,False,False,False,"LINESTRING (-66.8183 -18.2781, -66.818309 -18.278069, -66.836341 -18.281865, -66.8363 -18.2819)","MULTIPOINT ((-66.8183 -18.2781), (-66.8363 -18.2819))",POINT (-66.8183 -18.2781),POINT (-66.8363 -18.2819),-66.8183,-18.2781,-66.8363,-18.2819
87,-450422875_0,line,BO,127408.86335593039,115000,3.0,50.0,66,67,False,False,False,"LINESTRING (-66.7707 -14.9053, -66.770673 -14.905303, -65.630407 -15.000701, -65.6304 -15.0007)","MULTIPOINT ((-66.7707 -14.9053), (-65.6304 -15.0007))",POINT (-66.7707 -14.9053),POINT (-65.6304 -15.0007),-66.7707,-14.9053,-65.6304,-15.0007
88,2140782312_0,line,BO,83829.0553659716,115000,3.0,50.0,67,87,False,False,False,"LINESTRING (-65.6304 -15.0007, -65.630407 -15.000701, -64.892929 -14.853496, -64.8929 -14.8535)","MULTIPOINT ((-65.6304 -15.0007), (-64.8929 -14.8535))",POINT (-65.6304 -15.0007),POINT (-64.8929 -14.8535),-65.6304,-15.0007,-64.8929,-14.8535
89,-947615685_0,line,BO,39184.32250737165,115000,3.0,50.0,68,66,False,False,False,"LINESTRING (-67.0223 -15.143, -67.022302 -15.143031, -66.770673 -14.905303, -66.7707 -14.9053)","MULTIPOINT ((-67.0223 -15.143), (-66.7707 -14.9053))",POINT (-67.0223 -15.143),POINT (-66.7707 -14.9053),-67.0223,-15.143,-66.7707,-14.9053
90,-1008369492_0,line,BO,100793.9935024338,115000,3.0,50.0,68,90,False,False,False,"LINESTRING (-67.0223 -15.143, -67.022302 -15.143031, -67.586717 -14.458522, -67.5867 -14.4585)","MULTIPOINT ((-67.0223 -15.143), (-67.5867 -14.4585))",POINT (-67.0223 -15.143),POINT (-67.5867 -14.4585),-67.0223,-15.143,-67.5867,-14.4585
91,-724931943_0,line,BO,42282.476347364485,69000,3.0,50.0,69,91,False,False,False,"LINESTRING (-65.2684 -19.0446, -65.268434 -19.044647, -65.473905 -19.346342, -65.4739 -19.3463)","MULTIPOINT ((-65.2684 -19.0446), (-65.4739 -19.3463))",POINT (-65.2684 -19.0446),POINT (-65.4739 -19.3463),-65.2684,-19.0446,-65.4739,-19.3463
92,-1003233322_0,line,BO,7530.264757387049,69000,3.0,50.0,69,14,False,False,False,"LINESTRING (-65.2684 -19.0446, -65.268434 -19.044647, -65.218687 -19.001312, -65.2187 -19.0013)","MULTIPOINT ((-65.2684 -19.0446), (-65.2187 -19.0013))",POINT (-65.2684 -19.0446),POINT (-65.2187 -19.0013),-65.2684,-19.0446,-65.2187,-19.0013
93,-1698692648_0,line,BO,46258.90497901716,69000,3.0,50.0,27,72,False,False,False,"LINESTRING (-66.2309 -20.5556, -66.230868 -20.55558, -66.224161 -20.944125, -66.2242 -20.9441)","MULTIPOINT ((-66.2309 -20.5556), (-66.2242 -20.9441))",POINT (-66.2309 -20.5556),POINT (-66.2242 -20.9441),-66.2309,-20.5556,-66.2242,-20.9441
94,-1788193310_0,line,BO,15006.611050707048,69000,3.0,50.0,70,71,False,False,False,"LINESTRING (-65.5901 -19.5255, -65.590107 -19.525471, -65.721973 -19.551862, -65.722 -19.5519)","MULTIPOINT ((-65.5901 -19.5255), (-65.722 -19.5519))",POINT (-65.5901 -19.5255),POINT (-65.722 -19.5519),-65.5901,-19.5255,-65.722,-19.5519
95,950706355_0,line,BO,24788.360262027916,69000,3.0,50.0,70,91,False,False,False,"LINESTRING (-65.5901 -19.5255, -65.590107 -19.525471, -65.473905 -19.346342, -65.4739 -19.3463)","MULTIPOINT ((-65.5901 -19.5255), (-65.4739 -19.3463))",POINT (-65.5901 -19.5255),POINT (-65.4739 -19.3463),-65.5901,-19.5255,-65.4739,-19.3463
96,-1827864536_0,line,BO,10970.850244908424,69000,3.0,50.0,71,17,False,False,False,"LINESTRING (-65.722 -19.5519, -65.721973 -19.551862, -65.800775 -19.607625, -65.8008 -19.6076)","MULTIPOINT ((-65.722 -19.5519), (-65.8008 -19.6076))",POINT (-65.722 -19.5519),POINT (-65.8008 -19.6076),-65.722,-19.5519,-65.8008,-19.6076
97,793200187_0,line,BO,5492.580595442629,69000,3.0,50.0,21,71,False,False,False,"LINESTRING (-65.6858 -19.5203, -65.685776 -19.520262, -65.721973 -19.551862, -65.722 -19.5519)","MULTIPOINT ((-65.6858 -19.5203), (-65.722 -19.5519))",POINT (-65.6858 -19.5203),POINT (-65.722 -19.5519),-65.6858,-19.5203,-65.722,-19.5519
98,-1326778859_0,line,BO,26608.162169055482,69000,3.0,50.0,72,73,False,False,False,"LINESTRING (-66.2242 -20.9441, -66.224161 -20.944125, -66.174044 -21.162236, -66.174 -21.1622)","MULTIPOINT ((-66.2242 -20.9441), (-66.174 -21.1622))",POINT (-66.2242 -20.9441),POINT (-66.174 -21.1622),-66.2242,-20.9441,-66.174,-21.1622
99,-890252095_0,line,BO,30556.487866433243,69000,3.0,50.0,73,92,False,False,False,"LINESTRING (-66.174 -21.1622, -66.174044 -21.162236, -66.101534 -21.408919, -66.1015 -21.4089)","MULTIPOINT ((-66.174 -21.1622), (-66.1015 -21.4089))",POINT (-66.174 -21.1622),POINT (-66.1015 -21.4089),-66.174,-21.1622,-66.1015,-21.4089
100,1385764829_0,line,BO,38582.75688953745,69000,3.0,50.0,8,92,False,False,False,"LINESTRING (-65.7555 -21.4269, -65.755479 -21.42692, -66.101534 -21.408919, -66.1015 -21.4089)","MULTIPOINT ((-65.7555 -21.4269), (-66.1015 -21.4089))",POINT (-65.7555 -21.4269),POINT (-66.1015 -21.4089),-65.7555,-21.4269,-66.1015,-21.4089
101,211471178_0,line,BO,3491.352519689478,69000,3.0,50.0,8,74,False,False,False,"LINESTRING (-65.7555 -21.4269, -65.755479 -21.42692, -65.726282 -21.437582, -65.7263 -21.4376)","MULTIPOINT ((-65.7555 -21.4269), (-65.7263 -21.4376))",POINT (-65.7555 -21.4269),POINT (-65.7263 -21.4376),-65.7555,-21.4269,-65.7263,-21.4376
102,52149683_0,line,BO,77265.81679032884,69000,3.0,50.0,74,93,False,False,False,"LINESTRING (-65.7263 -21.4376, -65.726282 -21.437582, -65.597838 -22.071102, -65.5978 -22.0711)","MULTIPOINT ((-65.7263 -21.4376), (-65.5978 -22.0711))",POINT (-65.7263 -21.4376),POINT (-65.5978 -22.0711),-65.7263,-21.4376,-65.5978,-22.0711
103,591181987_0,line,BO,15479.856100544139,115000,3.0,50.0,55,94,False,False,False,"LINESTRING (-67.835 -16.286, -67.834986 -16.28604, -67.764009 -16.400788, -67.764 -16.4008)","MULTIPOINT ((-67.835 -16.286), (-67.764 -16.4008))",POINT (-67.835 -16.286),POINT (-67.764 -16.4008),-67.835,-16.286,-67.764,-16.4008
104,935740859_0,line,BO,53051.72878336372,115000,3.0,50.0,51,95,False,False,False,"LINESTRING (-67.5606 -15.8445, -67.560632 -15.844503, -67.880091 -15.504007, -67.8801 -15.504)","MULTIPOINT ((-67.5606 -15.8445), (-67.8801 -15.504))",POINT (-67.5606 -15.8445),POINT (-67.8801 -15.504),-67.5606,-15.8445,-67.8801,-15.504
105,604673162_0,line,BO,123678.50149749953,115000,3.0,50.0,75,96,False,False,False,"LINESTRING (-64.6109 -21.7177, -64.610915 -21.717739, -64.309656 -22.707758, -64.3097 -22.7078)","MULTIPOINT ((-64.6109 -21.7177), (-64.3097 -22.7078))",POINT (-64.6109 -21.7177),POINT (-64.3097 -22.7078),-64.6109,-21.7177,-64.3097,-22.7078
106,1187560986_0,line,BO,30563.080538020302,115000,3.0,50.0,45,75,False,False,False,"LINESTRING (-64.728 -21.4868, -64.728019 -21.486855, -64.610915 -21.717739, -64.6109 -21.7177)","MULTIPOINT ((-64.728 -21.4868), (-64.6109 -21.7177))",POINT (-64.728 -21.4868),POINT (-64.6109 -21.7177),-64.728,-21.4868,-64.6109,-21.7177
107,71312658_0,line,BO,10738.447265730461,230000,3.0,50.0,49,97,False,False,False,"LINESTRING (-63.63 -17.4267, -63.629968 -17.426749, -63.541716 -17.389583, -63.5417 -17.3896)","MULTIPOINT ((-63.63 -17.4267), (-63.5417 -17.3896))",POINT (-63.63 -17.4267),POINT (-63.5417 -17.3896),-63.63,-17.4267,-63.5417,-17.3896
108,1183053792_0,line,BO,21836.995250158754,230000,3.0,50.0,1,98,False,False,False,"LINESTRING (-68.1685 -16.6906, -68.169479 -16.691566, -68.359805 -16.646057, -68.3598 -16.6461)","MULTIPOINT ((-68.1685 -16.6906), (-68.3598 -16.6461))",POINT (-68.1685 -16.6906),POINT (-68.3598 -16.6461),-68.1685,-16.6906,-68.3598,-16.6461
109,868669670_0,line,BO,21836.995250158754,230000,3.0,50.0,1,98,False,False,False,"LINESTRING (-68.1685 -16.6906, -68.169479 -16.691566, -68.359805 -16.646057, -68.3598 -16.6461)","MULTIPOINT ((-68.1685 -16.6906), (-68.3598 -16.6461))",POINT (-68.1685 -16.6906),POINT (-68.3598 -16.6461),-68.1685,-16.6906,-68.3598,-16.6461
110,433304102_0,line,BO,108369.82347752413,115000,3.0,50.0,15,76,False,False,False,"LINESTRING (-65.2177 -19.0003, -65.218687 -19.001312, -64.305884 -19.320941, -64.3059 -19.3209)","MULTIPOINT ((-65.2177 -19.0003), (-64.3059 -19.3209))",POINT (-65.2177 -19.0003),POINT (-64.3059 -19.3209),-65.2177,-19.0003,-64.3059,-19.3209
111,869106671_0,line,BO,68756.91593140997,115000,3.0,50.0,76,77,False,False,False,"LINESTRING (-64.3059 -19.3209, -64.305884 -19.320941, -63.941685 -19.791017, -63.9417 -19.791)","MULTIPOINT ((-64.3059 -19.3209), (-63.9417 -19.791))",POINT (-64.3059 -19.3209),POINT (-63.9417 -19.791),-64.3059,-19.3209,-63.9417,-19.791
112,104355897_0,line,BO,51967.19296666769,115000,3.0,50.0,77,99,False,False,False,"LINESTRING (-63.9417 -19.791, -63.941685 -19.791017, -63.519685 -19.978729, -63.5197 -19.9787)","MULTIPOINT ((-63.9417 -19.791), (-63.5197 -19.9787))",POINT (-63.9417 -19.791),POINT (-63.5197 -19.9787),-63.9417,-19.791,-63.5197,-19.9787
113,1053115078_0,line,BO,6134.4770516760345,230000,3.0,50.0,24,100,False,False,False,"LINESTRING (-67.155 -21.1327, -67.156044 -21.133749, -67.210676 -21.127015, -67.2107 -21.127)","MULTIPOINT ((-67.155 -21.1327), (-67.2107 -21.127))",POINT (-67.155 -21.1327),POINT (-67.2107 -21.127),-67.155,-21.1327,-67.2107,-21.127
